permitnum,permitclass,permitclassmapped,permittypemapped,permittypedesc,description,housingunits,statuscurrent,relatedmup,originaladdress1,originalcity,originalstate,originalzip,link,latitude,longitude,location1,daysoutcorrections,numberreviewcycles,dependentbuilding,housingcategory,contractorcompanyname
3001776-EX,Commercial,Non-Residential,ECA and Shoreline Exemption/Street Improvement Exception Request,Environmentally Critical Area Exemption,Exception/Exemption Request for: Land Use Application to allow a 3-story building containing 6 220 sq. ft. of retail at ground level and 45 895 sq. ft.  of office space above.  Parking for 83 vehicles to be provided below grade. Project includes 12 050 cu. yds. of grading. Existing structure to be removed.,0.0,Completed,3001776-LU,2701 EASTLAKE AVE E,SEATTLE,WA,98102,{'url': 'https://services.seattle.gov/portal/customize/LinkToRecord.aspx?altId=3001776-EX'},47.64464664,-122.32610372,"{'latitude': '47.64464664', 'longitude': '-122.32610372'}",0,0,0,N/A,
3002256-EX,Single Family/Duplex,Residential,ECA and Shoreline Exemption/Street Improvement Exception Request,Environmentally Critical Area Exemption,Exception/Exemption Request for: CANCELLED 3/8/11 -- Land use application to subdivide one parcel into two parcels of land. Proposed parcel sizes are:Existing structures to remain.  ECA Exemption Request.,0.0,Canceled,3002256-LU,7203 35TH AVE S,SEATTLE,WA,98118,{'url': 'https://services.seattle.gov/portal/customize/LinkToRecord.aspx?altId=3002256-EX'},47.53767999,-122.28885999,"{'latitude': '47.53767999', 'longitude': '-122.28885999'}",,,0,N/A,
3002287-EX,Single Family/Duplex,Residential,ECA and Shoreline Exemption/Street Improvement Exception Request,Environmentally Critical Area Exemption,Exception/Exemption Request for: Land Use Application to allow construction of a three-story  3 029 sq. ft. single family residence in an Environmentally Critical Area.  Note: The shoreline conditional use noticed with this application has been withdrawn based on revised plans.,0.0,Completed,3002287-LU,9714 RAINIER AVE S,SEATTLE,WA,98118,{'url': 'https://services.seattle.gov/portal/customize/LinkToRecord.aspx?altId=3002287-EX'},47.51650929,-122.25395965,"{'latitude': '47.51650929', 'longitude': '-122.25395965'}",0,0,0,N/A,
3003446-EX,Industrial,Non-Residential,ECA and Shoreline Exemption/Street Improvement Exception Request,Shoreline Exemption,Exception/Exemption Request for: CANCELLED 3/21/2012 Land use approval for 600 cu.yards. of maintenance dredging for Ash Grove Cement Company.,0.0,Canceled,3003446-LU,3801 EAST MARGINAL WAY S,SEATTLE,WA,98134,{'url': 'https://services.seattle.gov/portal/customize/LinkToRecord.aspx?altId=3003446-EX'},47.56852863,-122.34046304,"{'latitude': '47.56852863', 'longitude': '-122.34046304'}",,,0,N/A,
3003449-EX,Multifamily,Residential,ECA and Shoreline Exemption/Street Improvement Exception Request,Environmentally Critical Area Exemption,Exception/Exemption Request for: CANCELED PER NO RESPONSE TO ECON LETTER JH 3/9/2010.Land use permit to subdivide one parcel into six parcels of land in an environmentally critical area. Proposed parcel sizes are: A)7 202.02 sq.ft.; B)7204.2 sq.ft.; C)7200.5 sq.ft.; D)7200.5 sq.ft.; E)7200.1. sq.ft. F)55 090.6 sq.ft.  Existing structures to remain on proposed Parcel F.,0.0,Canceled,3003449-LU,2115 NE 130TH ST,SEATTLE,WA,98125,{'url': 'https://services.seattle.gov/portal/customize/LinkToRecord.aspx?altId=3003449-EX'},47.72169120,-122.30559245,"{'latitude': '47.7216912', 'longitude': '-122.30559245'}",,,0,N/A,
3003791-EX,Multifamily,Residential,ECA and Shoreline Exemption/Street Improvement Exception Request,Shoreline Exemption,Exception/Exemption Request for: shoreline exemption,0.0,Canceled,3003791-LU,3314 NE 123RD ST,SEATTLE,WA,98125,{'url': 'https://services.seattle.gov/portal/customize/LinkToRecord.aspx?altId=3003791-EX'},47.71753190,-122.29207890,"{'latitude': '47.7175319', 'longitude': '-122.2920789'}",,,0,N/A,
3001095-EX,Single Family/Duplex,Residential,ECA and Shoreline Exemption/Street Improvement Exception Request,Street Improvement Exception,Exception/Exemption Request for: Land Use Application to subdivide one parcel into four parcels of land. Proposed parcel sizes are: A) 5 028 sq. ft.  B) 5 028 sq. ft.  C) 5 775 sq. ft. and D) 5 661 sq. ft. Existing structures to be demolished.,0.0,Completed,3001095-LU,5414 21ST AVE SW,SEATTLE,WA,98106,{'url': 'https://services.seattle.gov/portal/customize/LinkToRecord.aspx?altId=3001095-EX'},47.55326217,-122.35930088,"{'latitude': '47.55326217', 'longitude': '-122.35930088'}",0,0,0,N/A,
3001906-EX,Single Family/Duplex,Residential,ECA and Shoreline Exemption/Street Improvement Exception Request,Environmentally Critical Area Exemption,Exception/Exemption Request for: Land Use Application to subdivide one parcel into five parcels of land. Proposed parcel sizes are: A) 7 603.6 sq. ft.; B) 7 603.6 sq. ft.; C) 7 603.6 sq. ft.; D) 7 603.6 sq. ft. and E) 7 603.6 sq. ft. Existing structure on proposed parcels to remain.,0.0,Completed,3001906-LU,12583 17TH AVE NE,SEATTLE,WA,98125,{'url': 'https://services.seattle.gov/portal/customize/LinkToRecord.aspx?altId=3001906-EX'},47.72168422,-122.31123481,"{'latitude': '47.72168422', 'longitude': '-122.31123481'}",0,0,0,N/A,
3002070-EX,Single Family/Duplex,Residential,ECA and Shoreline Exemption/Street Improvement Exception Request,Environmentally Critical Area Exemption,Exception/Exemption Request for: Land use permit to subdivide one parcel into four parcels of land.  Existing structures to be removed.,0.0,Completed,3002070-LU,6519 S BANGOR ST,SEATTLE,WA,98178,{'url': 'https://services.seattle.gov/portal/customize/LinkToRecord.aspx?altId=3002070-EX'},47.50588981,-122.25172068,"{'latitude': '47.50588981', 'longitude': '-122.25172068'}",0,0,0,N/A,
3002774-EX,N/A,N/A,ECA and Shoreline Exemption/Street Improvement Exception Request,Environmentally Critical Area Exemption,Exception/Exemption Request for: CANACELED  8-5-2014  Short Plat  (in NC3 Zone) [Imported from Master Tracker],0.0,Canceled,3002774-LU,320 NE 97TH ST,SEATTLE,WA,98115,{'url': 'https://services.seattle.gov/portal/customize/LinkToRecord.aspx?altId=3002774-EX'},47.69943793,-122.32468755,"{'latitude': '47.69943793', 'longitude': '-122.32468755'}",,,0,N/A,
3003123-EX,Multifamily,Residential,ECA and Shoreline Exemption/Street Improvement Exception Request,Environmentally Critical Area Exemption,Exception/Exemption Request for: Land Use application to establish use for a six story apartment building with 4 917 sq.ft. of ground floor retail. Parking for 18 vehicles will be located in below grade garage.,0.0,Completed,3003123-LU,1111 E PIKE ST,SEATTLE,WA,98122,{'url': 'https://services.seattle.gov/portal/customize/LinkToRecord.aspx?altId=3003123-EX'},47.61388874,-122.31756146,"{'latitude': '47.61388874', 'longitude': '-122.31756146'}",0,0,0,N/A,
3003131-EX,Institutional,Non-Residential,ECA and Shoreline Exemption/Street Improvement Exception Request,Environmentally Critical Area Exemption,Exception/Exemption Request for: Land use permit to approve a 1 750 sq.ft.addition to an existing religious facility (Van Hanh Buddist Association).,0.0,Completed,3003131-LU,4837 S FONTANELLE ST,SEATTLE,WA,98118,{'url': 'https://services.seattle.gov/portal/customize/LinkToRecord.aspx?altId=3003131-EX'},47.53574137,-122.27148480,"{'latitude': '47.53574137', 'longitude': '-122.2714848'}",0,0,0,N/A,
3001242-EX,Commercial,Non-Residential,ECA and Shoreline Exemption/Street Improvement Exception Request,Environmentally Critical Area Exemption,Exception/Exemption Request for: Cancelled 10/20/2010   Council land use action for a contract rezone from IC-65 to NC3-85.  Proposal also includes a request to vacate portions of S. Lane St.  Dearborn Pl S  & Corwin Pl S. Land use application to allow a 6-story building containing 696 000 sq.ft of retail  45 000 sq.ft of administrative office and 565 residential units (in residential towers above the commercial bases). Parking for 2 307 vehicles to be provided within the structures. Project in,0.0,Canceled,3001242-LU,1400 S DEARBORN ST,SEATTLE,WA,98144,{'url': 'https://services.seattle.gov/portal/customize/LinkToRecord.aspx?altId=3001242-EX'},47.59614654,-122.31388861,"{'latitude': '47.59614654', 'longitude': '-122.31388861'}",,,0,N/A,
3001298-EX,Single Family/Duplex,Residential,ECA and Shoreline Exemption/Street Improvement Exception Request,Environmentally Critical Area Exemption,Exception/Exemption Request for: Land Use Application to subdivide one parcel into two parcels of land in an environmentally critical area. Proposed parcel sizes are: A) 5 078 sq. ft. and B) 5 001 sq. ft. Existing single family residence to remain.  Existing detached garage to be removed.,0.0,Completed,3001298-LU,2820 27TH AVE W,SEATTLE,WA,98199,{'url': 'https://services.seattle.gov/portal/customize/LinkToRecord.aspx?altId=3001298-EX'},47.64528896,-122.39140251,"{'latitude': '47.64528896', 'longitude': '-122.39140251'}",0,0,0,N/A,
3001314-EX,N/A,N/A,ECA and Shoreline Exemption/Street Improvement Exception Request,Environmentally Critical Area Exemption,Exception/Exemption Request for: Short plat of one lot into four lots.,0.0,Canceled,3001314-LU,6745 18TH AVE SW,SEATTLE,WA,98106,{'url': 'https://services.seattle.gov/portal/customize/LinkToRecord.aspx?altId=3001314-EX'},47.54151387,-122.35746542,"{'latitude': '47.54151387', 'longitude': '-122.35746542'}",,,0,N/A,
3002789-EX,Single Family/Duplex,Residential,ECA and Shoreline Exemption/Street Improvement Exception Request,Environmentally Critical Area Exemption,Exception/Exemption Request for: CANCELED 6/1/2011.Land use application to adjust the boundary between three parcels of land. Proposed parcel sizes are: A) 4 470 sq.ft.  B) 5 725 sq.ft.  and C) 4 655 sq.ft.  Existing structure to remain.,0.0,Canceled,3002789-LU,4754 COTTAGE PL SW,SEATTLE,WA,98106,{'url': 'https://services.seattle.gov/portal/customize/LinkToRecord.aspx?altId=3002789-EX'},47.55944790,-122.36197938,"{'latitude': '47.5594479', 'longitude': '-122.36197938'}",,,0,N/A,
3003079-EX,N/A,N/A,ECA and Shoreline Exemption/Street Improvement Exception Request,Environmentally Critical Area Exemption,Exception/Exemption Request for: Canceled 9/23/2010 jh.ECA Exemption request for future LBA  (originally submitted for Pre-Sub conf.  which was denied.),0.0,Canceled,3003079-LU,305 24TH AVE E,SEATTLE,WA,98112,{'url': 'https://services.seattle.gov/portal/customize/LinkToRecord.aspx?altId=3003079-EX'},47.62162261,-122.30158081,"{'latitude': '47.62162261', 'longitude': '-122.30158081'}",,,0,N/A,Jolly Homes Inc
3003274-EX,Multifamily,Residential,ECA and Shoreline Exemption/Street Improvement Exception Request,Environmentally Critical Area Exemption,Exception/Exemption Request for: Land Use Application to allow a six-story building containing 4 000 sq.  ft. of retail at ground level and 145 residential units above in an environmentally critical area. Parking for 167 vehicles to be provided in a below-grade garage. Project includes 21 900 cu. yds. of grading.  Existing 14 500 sq. ft. commercial structure to remain.,0.0,Completed,3003274-LU,8512 20TH AVE NE,SEATTLE,WA,98115,{'url': 'https://services.seattle.gov/portal/customize/LinkToRecord.aspx?altId=3003274-EX'},47.69088591,-122.30660371,"{'latitude': '47.69088591', 'longitude': '-122.30660371'}",0,0,0,N/A,
3001618-EX,Single Family/Duplex,Residential,ECA and Shoreline Exemption/Street Improvement Exception Request,Environmentally Critical Area Exemption,Exception/Exemption Request for: PROJECT CANCELLED -- 9/15/2011 SGP.Land Use Application to subdivide one parcel into two parcels of land in an environmentally critical area.  Proposed parcel sizes are: A) 22 221 sq. ft. and B) 10 684 sq. ft.   Existing structure on proposed parcel A to remain.,0.0,Canceled,3001618-LU,6044 UPLAND TER S,SEATTLE,WA,98118,{'url': 'https://services.seattle.gov/portal/customize/LinkToRecord.aspx?altId=3001618-EX'},47.54786009,-122.26488649,"{'latitude': '47.54786009', 'longitude': '-122.26488649'}",,,0,N/A,
3002714-EX,Single Family/Duplex,Residential,ECA and Shoreline Exemption/Street Improvement Exception Request,Environmentally Critical Area Exemption,Exception/Exemption Request for: PROJECT CANCELLED 12/10/10 -- SEPA-Construct two new duplex townhouse buildings  each unit with enclosed garage parking.(ECA EXEMPTION INCLUDED),0.0,Canceled,3002714-LU,1001 STURGUS AVE S,SEATTLE,WA,98144,{'url': 'https://services.seattle.gov/portal/customize/LinkToRecord.aspx?altId=3002714-EX'},47.59369750,-122.31427847,"{'latitude': '47.5936975', 'longitude': '-122.31427847'}",,,0,N/A,
3003172-EX,Multifamily,Residential,ECA and Shoreline Exemption/Street Improvement Exception Request,Environmentally Critical Area Exemption,Exception/Exemption Request for: Shoreline Substantial Development Permit to allow one 4-story townhouse structure and six 3-story townhouse structures for a total of 21 units in an environmentally critical area. Parking for 28 vehicles to be provided within the structures. Project includes 8 150 cu. yds. of grading. Existing structures to be removed.,0.0,Completed,3003172-LU,2808 FAIRVIEW AVE E,SEATTLE,WA,98102,{'url': 'https://services.seattle.gov/portal/customize/LinkToRecord.aspx?altId=3003172-EX'},47.64602266,-122.32658489,"{'latitude': '47.64602266', 'longitude': '-122.32658489'}",0,0,0,N/A,
3003255-EX,Multifamily,Residential,ECA and Shoreline Exemption/Street Improvement Exception Request,Environmentally Critical Area Exemption,Exception/Exemption Request for: Land use approval to establish use for two 2-unit townhouse structures & one 5-unit townhouse structure for a total of 9 units  in an environmentally critical area. Parking will be located within the structures. Existing structures to be demolished.,0.0,Completed,3003255-LU,2402 W BOSTON ST,SEATTLE,WA,98199,{'url': 'https://services.seattle.gov/portal/customize/LinkToRecord.aspx?altId=3003255-EX'},47.63859999,-122.38833307,"{'latitude': '47.63859999', 'longitude': '-122.38833307'}",0,0,0,N/A,
3003258-EX,N/A,N/A,ECA and Shoreline Exemption/Street Improvement Exception Request,Shoreline Exemption,Exception/Exemption Request for: CANCELLED 1/10/2011 -- sepa for landslide restoration & prevention & retaining wall construction (SEE HWT notes).  related construction project #6066109,0.0,Canceled,3003258-LU,2912 NW ESPLANADE,SEATTLE,WA,98117,{'url': 'https://services.seattle.gov/portal/customize/LinkToRecord.aspx?altId=3003258-EX'},47.70016386,-122.39467550,"{'latitude': '47.70016386', 'longitude': '-122.3946755'}",,,0,N/A,
3003307-EX,Multifamily,Residential,ECA and Shoreline Exemption/Street Improvement Exception Request,Environmentally Critical Area Exemption,Exception/Exemption Request for: Land use application to allow one 25-story building containing 285 residential units and 1 325 sq. ft. of retail and one 9-story building containing 25 residential units  both over a 5-story parking base for 315 vehicles.  Project includes demolition of two existing structures.Project also includes Special Exception.,0.0,Completed,3003307-LU,802 SENECA ST,SEATTLE,WA,98101,{'url': 'https://services.seattle.gov/portal/customize/LinkToRecord.aspx?altId=3003307-EX'},47.60967965,-122.32978562,"{'latitude': '47.60967965', 'longitude': '-122.32978562'}",0,0,0,N/A,
3003045-EX,Multifamily,Residential,ECA and Shoreline Exemption/Street Improvement Exception Request,Environmentally Critical Area Exemption,Exception/Exemption Request for: Land Use Permit to subdivide 1 parcel into 9 parcels of land in an environmentally critical area. Proposed parcel sizes are: A)218 673 sq.ft.  B)53 187 sq.ft.  C)6 264 sq.ft.  D)5 927 sq.ft.  E)5 951 sq.ft. F)5 952 sq.ft.  G)5 952 sq.ft. H)5 952 sq.ft.  I)5 953 sq.ft. Project includes demolition of 4 995 sq.ft. of the easterly portion of an existing administration building.,0.0,Completed,3003045-LU,4739 35TH AVE S,SEATTLE,WA,98118,{'url': 'https://services.seattle.gov/portal/customize/LinkToRecord.aspx?altId=3003045-EX'},47.55976063,-122.28951831,"{'latitude': '47.55976063', 'longitude': '-122.28951831'}",0,0,0,N/A,SEATTLE HOUSING AUTH GENERAL
3003088-EX,Multifamily,Residential,ECA and Shoreline Exemption/Street Improvement Exception Request,Environmentally Critical Area Exemption,Exception/Exemption Request for: LAND USE PERMIT TO ESTABLISH USE AS TOWNHOUSES (ONE  2-UNIT AND ONE  3-UNIT STRUCTURE TOTAL OF 5 UNITS) IN AN ENVIRONMENTALLY CRITICAL AREA. EXISTING STRUCTURES REMOVED UNDER SEPARATE PERMIT.,0.0,Completed,3003088-LU,820 28TH AVE S,SEATTLE,WA,98144,{'url': 'https://services.seattle.gov/portal/customize/LinkToRecord.aspx?altId=3003088-EX'},47.59517917,-122.29625073,"{'latitude': '47.59517917', 'longitude': '-122.29625073'}",0,0,0,N/A,
3003261-EX,Single Family/Duplex,Residential,ECA and Shoreline Exemption/Street Improvement Exception Request,Shoreline Exemption,Exception/Exemption Request for: CANCELLED DUE TO LACK OF ACTIVITY:1/28/15 MPSSD application w/ SEPA to replace existing bulkhead and beach access cove.,0.0,Canceled,3003261-LU,3018 EAST LAURELHURST DR NE,SEATTLE,WA,98105,{'url': 'https://services.seattle.gov/portal/customize/LinkToRecord.aspx?altId=3003261-EX'},47.64912939,-122.27589913,"{'latitude': '47.64912939', 'longitude': '-122.27589913'}",,,0,N/A,WILLIAMSON LANDSCAPE ARCH LLC
3003547-EX,N/A,N/A,ECA and Shoreline Exemption/Street Improvement Exception Request,Environmentally Critical Area Exemption,Exception/Exemption Request for: Cancelled  Tree Trimming Exemption Request,0.0,Canceled,3003547-LU,14001 NORTHWOOD PL NW,SEATTLE,WA,98177,{'url': 'https://services.seattle.gov/portal/customize/LinkToRecord.aspx?altId=3003547-EX'},47.73068527,-122.36402117,"{'latitude': '47.73068527', 'longitude': '-122.36402117'}",,,0,N/A,
3003679-EX,Commercial,Non-Residential,ECA and Shoreline Exemption/Street Improvement Exception Request,Environmentally Critical Area Exemption,Exception/Exemption Request for: Land use permit to establish a new park (Seattle Parks and Recreation) at former Magnolia Elementary Playfield. Project includes 9 114 cu. yds. of grading. Determination of non-significance by Seattle Parks Department.,0.0,Completed,3003679-LU,2601 W SMITH ST,SEATTLE,WA,98199,{'url': 'https://services.seattle.gov/portal/customize/LinkToRecord.aspx?altId=3003679-EX'},47.64063060,-122.39102023,"{'latitude': '47.6406306', 'longitude': '-122.39102023'}",0,0,0,N/A,SEATTLE PARKS DEPT
3004206-EX,Industrial,Non-Residential,ECA and Shoreline Exemption/Street Improvement Exception Request,Shoreline Exemption,Exception/Exemption Request for: Shoreline substantial development application to allow construction of a 311 linear ft. bridge and pilings (Port of Seattle). Demolition  bridge and other improvements to cargo terminal (Terminal 25) is also being reviewed under project 3003725. Determination of non-significance prepared by the Port of Seattle.,0.0,Completed,3004206-LU,2715 EAST MARGINAL WAY S,SEATTLE,WA,98134,{'url': 'https://services.seattle.gov/portal/customize/LinkToRecord.aspx?altId=3004206-EX'},47.58107429,-122.34113069,"{'latitude': '47.58107429', 'longitude': '-122.34113069'}",0,0,0,N/A,PORT OF SEATTLE ENGINEERING
3001672-EX,Multifamily,Residential,ECA and Shoreline Exemption/Street Improvement Exception Request,Environmentally Critical Area Exemption,Exception/Exemption Request for: Land Use Application to allow a four-story low-income   86-unit apartment building (Seattle Housing Authority). Parking for 90 vehicles to be provided below grade. Project includes 22 000 cu. yds. of grading. Existing structures to be demolished. Determination of Non-Significance prepared by the Seattle Housing Authority.,0.0,Completed,3001672-LU,12536 33RD AVE NE,SEATTLE,WA,98125,{'url': 'https://services.seattle.gov/portal/customize/LinkToRecord.aspx?altId=3001672-EX'},47.72033457,-122.29214450,"{'latitude': '47.72033457', 'longitude': '-122.2921445'}",0,0,0,N/A,SEATTLE HOUSING AUTH GENERAL
3002989-EX,Multifamily,Residential,ECA and Shoreline Exemption/Street Improvement Exception Request,Environmentally Critical Area Exemption,Exception/Exemption Request for: Council land use action for a contract rezone of 3 000 sq.ft.from SF7200 to L-3 and establish use for 6 townhouses with parking within the structures. Existing single family residence to be removed.,0.0,Completed,3002989-LU,3012 NE 140TH ST,SEATTLE,WA,98125,{'url': 'https://services.seattle.gov/portal/customize/LinkToRecord.aspx?altId=3002989-EX'},47.73030516,-122.29601552,"{'latitude': '47.73030516', 'longitude': '-122.29601552'}",0,0,0,N/A,
3003217-EX,Commercial,Non-Residential,ECA and Shoreline Exemption/Street Improvement Exception Request,Shoreline Exemption,Exception/Exemption Request for: Land use permit to establish a minor communication utility on the roof of an existing building consisting of 9 panel antennas (3 sectors  3 antennas per sector).  Equipment cabinet also located on the roof. (Cingular Wireless).,0.0,Completed,3003217-LU,605 1ST AVE,SEATTLE,WA,98104,{'url': 'https://services.seattle.gov/portal/customize/LinkToRecord.aspx?altId=3003217-EX'},47.60197119,-122.33438297,"{'latitude': '47.60197119', 'longitude': '-122.33438297'}",0,0,0,N/A,
3003295-EX,Multifamily,Residential,ECA and Shoreline Exemption/Street Improvement Exception Request,Environmentally Critical Area Exemption,Exception/Exemption Request for: Cancel per customer log 10-665Land use application to allow a four story  8 485 sq.ft. addition to an existing structure with  6 090 sq.ft. of administrative office  1 098 sq.ft. of retail  a 648 sq.ft. live-work unit and one residential unit in an environmentally critical area. An additional 12 parking spaces will be provided for a total of 35 parking spaces located within the structure,0.0,Completed,3003295-LU,711 N 35TH ST,SEATTLE,WA,98103,{'url': 'https://services.seattle.gov/portal/customize/LinkToRecord.aspx?altId=3003295-EX'},47.65024178,-122.34936208,"{'latitude': '47.65024178', 'longitude': '-122.34936208'}",0,0,0,N/A,
3003402-EX,N/A,N/A,ECA and Shoreline Exemption/Street Improvement Exception Request,Environmentally Critical Area Exemption,Exception/Exemption Request for: PROJECT CANCELLED 12/2/10 -- Short plat one lot into two lots,0.0,Canceled,3003402-LU,2519 PERKINS LN W,SEATTLE,WA,98199,{'url': 'https://services.seattle.gov/portal/customize/LinkToRecord.aspx?altId=3003402-EX'},47.64133921,-122.41487797,"{'latitude': '47.64133921', 'longitude': '-122.41487797'}",,,0,N/A,
3003462-EX,N/A,N/A,ECA and Shoreline Exemption/Street Improvement Exception Request,Shoreline Exemption,Exception/Exemption Request for: Burke Gilman trail from 60th Ave.NW to Golden Gardens(5980 seaview ave nw),0.0,Canceled,,,,,,{'url': 'https://services.seattle.gov/portal/customize/LinkToRecord.aspx?altId=3003462-EX'},,,,,,0,N/A,SEATTLE TRANSPORTATION
3002052-EX,N/A,N/A,ECA and Shoreline Exemption/Street Improvement Exception Request,Environmentally Critical Area Exemption,Exception/Exemption Request for: Short plat -One lot into two lots.,0.0,Canceled,3002052-LU,2803 W VIEW PL,SEATTLE,WA,98199,{'url': 'https://services.seattle.gov/portal/customize/LinkToRecord.aspx?altId=3002052-EX'},47.65649365,-122.39308078,"{'latitude': '47.65649365', 'longitude': '-122.39308078'}",,,0,N/A,
3002715-EX,Multifamily,Residential,ECA and Shoreline Exemption/Street Improvement Exception Request,Environmentally Critical Area Exemption,Exception/Exemption Request for: LAND USE PERMIT TO APPROVE CONSTRUCTION OF TWO  2-UNIT TOWNHOUSES AND TWO SINGLE FAMILY RESIDENCES IN AN ENVIRONMENTALLY CRITICAL AREA. PARKING FOR 6 VEHICLES WILL BE LOCATED WITHIN THE STRUCTURES. EXISTING STRUCTURES TO BE REMOVED.,0.0,Completed,3002715-LU,5509 13TH AVE S,SEATTLE,WA,98108,{'url': 'https://services.seattle.gov/portal/customize/LinkToRecord.aspx?altId=3002715-EX'},47.55310307,-122.31655355,"{'latitude': '47.55310307', 'longitude': '-122.31655355'}",0,0,0,N/A,
3003153-EX,Single Family/Duplex,Residential,ECA and Shoreline Exemption/Street Improvement Exception Request,Environmentally Critical Area Exemption,Exception/Exemption Request for: Land use permit to subdivide one parcel into two parcels of land in an environmentally critical area.  Existing structure to remain.,0.0,Completed,3003153-LU,2344 28TH AVE S,SEATTLE,WA,98144,{'url': 'https://services.seattle.gov/portal/customize/LinkToRecord.aspx?altId=3003153-EX'},47.58160426,-122.29611039,"{'latitude': '47.58160426', 'longitude': '-122.29611039'}",0,0,0,N/A,
3003293-EX,N/A,N/A,ECA and Shoreline Exemption/Street Improvement Exception Request,Shoreline Exemption,Exception/Exemption Request for: CANCELLED DUE TO LACK OF ACTIVITY:1/28/15 MPshoreline exemption for repair of below grade 53rd Ave Pump Station,0.0,Canceled,3003293-LU,2301 ALKI AVE SW,SEATTLE,WA,98116,{'url': 'https://services.seattle.gov/portal/customize/LinkToRecord.aspx?altId=3003293-EX'},47.58354502,-122.40128213,"{'latitude': '47.58354502', 'longitude': '-122.40128213'}",,,0,N/A,King County Wastewater Treatment Division
3003392-EX,N/A,N/A,ECA and Shoreline Exemption/Street Improvement Exception Request,Shoreline Exemption,Exception/Exemption Request for: CANCELLED DUE TO NO ACTIVITY 1/6/15 MH - shoreline exemption to repair bridge apron.,0.0,Canceled,,,,,,{'url': 'https://services.seattle.gov/portal/customize/LinkToRecord.aspx?altId=3003392-EX'},,,,,,0,N/A,SEATTLE TRANSPORTATION
3003571-EX,N/A,N/A,ECA and Shoreline Exemption/Street Improvement Exception Request,Shoreline Exemption,Exception/Exemption Request for:,0.0,Canceled,,,,,,{'url': 'https://services.seattle.gov/portal/customize/LinkToRecord.aspx?altId=3003571-EX'},,,,,,0,N/A,SEATTLE TRANSPORTATION
3003732-EX,Single Family/Duplex,Residential,ECA and Shoreline Exemption/Street Improvement Exception Request,Environmentally Critical Area Exemption,Exception/Exemption Request for: LAND USE PERMIT TO SUBDIVIDE ONE PARCEL INTO TWO PARCELS OF LAND IN AN ENVIRONMENTALLY CRITICAL AREA.  PROPOSED PARCEL SIZES ARE:  A)5 579.1 SQ FT & B)5 002.5 SQ FT.  EXISTING STRUCTURES TO BE REMOVED.,0.0,Completed,3003732-LU,6503 57TH AVE NE,SEATTLE,WA,98115,{'url': 'https://services.seattle.gov/portal/customize/LinkToRecord.aspx?altId=3003732-EX'},47.67592915,-122.26839260,"{'latitude': '47.67592915', 'longitude': '-122.2683926'}",0,0,0,N/A,
3003852-EX,N/A,N/A,ECA and Shoreline Exemption/Street Improvement Exception Request,Shoreline Exemption,Exception/Exemption Request for: Shoreline exemption to use Waterways 5 & 6 for January 2006 Boats Afloat Show,0.0,Completed,3003852-LU,901 FAIRVIEW AVE N,SEATTLE,WA,98109,{'url': 'https://services.seattle.gov/portal/customize/LinkToRecord.aspx?altId=3003852-EX'},47.62774795,-122.33385278,"{'latitude': '47.62774795', 'longitude': '-122.33385278'}",0,0,0,N/A,
3003954-EX,N/A,N/A,ECA and Shoreline Exemption/Street Improvement Exception Request,Shoreline Exemption,Exception/Exemption Request for: Shoreline Exemption Tree and Vegeatation Removal (per Maggie Glowacki).,0.0,Canceled,,13760 RIVIERA PL NE,SEATTLE,WA,98125,{'url': 'https://services.seattle.gov/portal/customize/LinkToRecord.aspx?altId=3003954-EX'},47.72993290,-122.28202568,"{'latitude': '47.7299329', 'longitude': '-122.28202568'}",,,0,N/A,
3004307-EX,Single Family/Duplex,Residential,ECA and Shoreline Exemption/Street Improvement Exception Request,Environmentally Critical Area Exemption,Exception/Exemption Request for: Land use application to allow a 3-story single family residence with basement garage in an environmentally critical area.,0.0,Completed,3004307-LU,809 26TH AVE E,SEATTLE,WA,98112,{'url': 'https://services.seattle.gov/portal/customize/LinkToRecord.aspx?altId=3004307-EX'},47.62621412,-122.29895220,"{'latitude': '47.62621412', 'longitude': '-122.2989522'}",0,0,0,N/A,
3004554-EX,Commercial,Non-Residential,ECA and Shoreline Exemption/Street Improvement Exception Request,Environmentally Critical Area Exemption,Exception/Exemption Request for: Canceled 9/17/20009   Land Use Application to allow a six-story structure containing 18 residential units and 4 557 sq. ft. of ground floor general sales and service use in an environmentally critical area.  Parking for 19 vehicles will be provided within structure.,0.0,Canceled,3004554-LU,151 12TH AVE,SEATTLE,WA,98122,{'url': 'https://services.seattle.gov/portal/customize/LinkToRecord.aspx?altId=3004554-EX'},47.60282807,-122.31710437,"{'latitude': '47.60282807', 'longitude': '-122.31710437'}",,,0,N/A,
3004601-EX,Single Family/Duplex,Residential,ECA and Shoreline Exemption/Street Improvement Exception Request,Environmentally Critical Area Exemption,Exception/Exemption Request for: Land use application to subdivide one parcel into two parcels of land in an environmentally critical area.  Proposed Parcel sizes are: A) 5264 sq. ft. B) 5003 sq. ft. Existing single family residence on proposed parcel A to be demolished.,0.0,Completed,3004601-LU,3820 46TH AVE SW,SEATTLE,WA,98116,{'url': 'https://services.seattle.gov/portal/customize/LinkToRecord.aspx?altId=3004601-EX'},47.56955167,-122.39047235,"{'latitude': '47.56955167', 'longitude': '-122.39047235'}",0,0,0,N/A,
3004616-EX,Multifamily,Residential,ECA and Shoreline Exemption/Street Improvement Exception Request,Environmentally Critical Area Exemption,Exception/Exemption Request for: NEW MUP UNDER 3005703-CANCELLATION DATE 5/17/07///Design Review Early Design guidance application for 5 structures contanining a total of 21 three-story units with accessory parking.(DESCRIPTION IS INCORRECT-PLEASE REVISE  TYG 5/8).  ECA Exemption applied for a retaining wall in ECA,0.0,Canceled,3004616-LU,14349 15TH AVE NE,SEATTLE,WA,98125,{'url': 'https://services.seattle.gov/portal/customize/LinkToRecord.aspx?altId=3004616-EX'},47.73325379,-122.31370844,"{'latitude': '47.73325379', 'longitude': '-122.31370844'}",,,0,N/A,
3002630-EX,N/A,N/A,ECA and Shoreline Exemption/Street Improvement Exception Request,Environmentally Critical Area Exemption,Exception/Exemption Request for: PROJECT CANCELLED 12/10/10 --  Future multifamily use project - eca exemption(DENIED),0.0,Canceled,3002630-LU,1774 ALKI AVE SW,SEATTLE,WA,98116,{'url': 'https://services.seattle.gov/portal/customize/LinkToRecord.aspx?altId=3002630-EX'},47.58640559,-122.39722420,"{'latitude': '47.58640559', 'longitude': '-122.3972242'}",,,0,N/A,
3002697-EX,Commercial,Non-Residential,ECA and Shoreline Exemption/Street Improvement Exception Request,Environmentally Critical Area Exemption,Exception/Exemption Request for: Land use application to allow removal of 8 725 sq.ft. of vegetation in an environmentally critical area. Project includes a revegetation mangagment plan.,0.0,Completed,3002697-LU,5052 RENTON AVE S,SEATTLE,WA,98118,{'url': 'https://services.seattle.gov/portal/customize/LinkToRecord.aspx?altId=3002697-EX'},47.55583254,-122.28705366,"{'latitude': '47.55583254', 'longitude': '-122.28705366'}",0,0,0,N/A,
3003292-EX,N/A,N/A,ECA and Shoreline Exemption/Street Improvement Exception Request,Environmentally Critical Area Exemption,Exception/Exemption Request for: ECA limited exemption for construction of SFR's in an L1 zone,0.0,Canceled,3003292-LU,9747 WOODLAWN AVE N,SEATTLE,WA,98103,{'url': 'https://services.seattle.gov/portal/customize/LinkToRecord.aspx?altId=3003292-EX'},47.70099977,-122.33901824,"{'latitude': '47.70099977', 'longitude': '-122.33901824'}",,,0,N/A,GNC LLC
3003404-EX,Commercial,Non-Residential,ECA and Shoreline Exemption/Street Improvement Exception Request,Environmentally Critical Area Exemption,Exception/Exemption Request for: Land use permit for a 4 800 sq.ft. public park with a 1 000 sq.ft. metal grated platform deck to cantilever over the steep slope in an environmentally critical area. Project includes 70 to 475 cu.yds. of grading. Determination of non significance made by Seattle Parks and Recreation.,0.0,Completed,3003404-LU,1411 31ST AVE S,SEATTLE,WA,98144,{'url': 'https://services.seattle.gov/portal/customize/LinkToRecord.aspx?altId=3003404-EX'},47.58999523,-122.29262785,"{'latitude': '47.58999523', 'longitude': '-122.29262785'}",0,0,0,N/A,SEATTLE PARKS DEPT
3003644-EX,Single Family/Duplex,Residential,ECA and Shoreline Exemption/Street Improvement Exception Request,Environmentally Critical Area Exemption,Exception/Exemption Request for: Land use application to subdivide one parcel into two parcels of land in an environmentally critical area.  Proposed parcel sizes are: A)5 929sq.ft and B)8 691 sq.ft.  Existing structure to remain.,0.0,Completed,3003644-LU,5138 S MYRTLE ST,SEATTLE,WA,98118,{'url': 'https://services.seattle.gov/portal/customize/LinkToRecord.aspx?altId=3003644-EX'},47.53918023,-122.26838205,"{'latitude': '47.53918023', 'longitude': '-122.26838205'}",0,0,0,N/A,
3003719-EX,N/A,N/A,ECA and Shoreline Exemption/Street Improvement Exception Request,Shoreline Exemption,Exception/Exemption Request for: Spokane bridge; 3600 W Marginal wy sw.-repair work,0.0,Canceled,,,,,,{'url': 'https://services.seattle.gov/portal/customize/LinkToRecord.aspx?altId=3003719-EX'},,,,,,0,N/A,SEATTLE TRANSPORTATION
3003957-EX,Single Family/Duplex,Residential,ECA and Shoreline Exemption/Street Improvement Exception Request,Environmentally Critical Area Exemption,Exception/Exemption Request for: Land Use Application to allow a three-story  single family residence (1 285 sq. ft. building footprint; 3 757 sq. ft. of living area) in an environmentally critical area.  One parking space will be provided in below grade garage.,0.0,Completed,3003957-LU,2318 PERKINS LN W,SEATTLE,WA,98199,{'url': 'https://services.seattle.gov/portal/customize/LinkToRecord.aspx?altId=3003957-EX'},47.63827548,-122.41029984,"{'latitude': '47.63827548', 'longitude': '-122.41029984'}",0,0,0,N/A,
3003278-EX,Multifamily,Residential,ECA and Shoreline Exemption/Street Improvement Exception Request,Environmentally Critical Area Exemption,Exception/Exemption Request for: PERMIT EXTENSION TO 05/04/2016 PER ORD. #123072  NO FURHTER RENEWALS ALLOWED. MGC 2/25/10. LAND USE PERMIT TO ALLOW A SIX STORY  148 unit APARTMENT BUILDING WITH 1 673 SQ.FT. OF RETAIL AT GROUND FLOOR.  PARKING FOR 186 VEHICLES WILL BE LOCATED AT AND BELOW GRADE.  EXISTING STRUCTURES TO BE REMOVED.unit,0.0,Completed,3003278-LU,13524 LINDEN AVE N,SEATTLE,WA,98133,{'url': 'https://services.seattle.gov/portal/customize/LinkToRecord.aspx?altId=3003278-EX'},47.72754533,-122.34710824,"{'latitude': '47.72754533', 'longitude': '-122.34710824'}",0,0,0,N/A,
3003405-EX,Single Family/Duplex,Residential,ECA and Shoreline Exemption/Street Improvement Exception Request,Environmentally Critical Area Exemption,Exception/Exemption Request for: CANCELLED 1/10/2011 -- shortplat to create two parcels,0.0,Canceled,3003405-LU,6060 UPLAND TER S,SEATTLE,WA,98118,{'url': 'https://services.seattle.gov/portal/customize/LinkToRecord.aspx?altId=3003405-EX'},47.54725673,-122.26496394,"{'latitude': '47.54725673', 'longitude': '-122.26496394'}",,,0,N/A,
3003546-EX,N/A,N/A,ECA and Shoreline Exemption/Street Improvement Exception Request,Environmentally Critical Area Exemption,Exception/Exemption Request for: Tree trimming  and,0.0,Canceled,3003546-LU,13838 NORTHWOOD RD NW,SEATTLE,WA,98177,{'url': 'https://services.seattle.gov/portal/customize/LinkToRecord.aspx?altId=3003546-EX'},47.72990452,-122.36260731,"{'latitude': '47.72990452', 'longitude': '-122.36260731'}",,,0,N/A,
3003725-EX,Industrial,Non-Residential,ECA and Shoreline Exemption/Street Improvement Exception Request,Shoreline Exemption,Exception/Exemption Request for: T25/30 Bridge Project (t25 half)/double tagged with 3004206 for North half (T30) portion of bridge.  Shoreline substantial development application to demolish 16 000 sq. ft. cargo terminal facility and construct a 311 linear ft. bridge and piles (Port of Seattle). Project includes 17 000 cu. yds. of grading and improvements accessory to cargo terminal.  Construction of bridge and pilings at Terminal 30 is also being reviewed under project 3004206.  Determination,0.0,Completed,3003725-LU,3225 EAST MARGINAL WAY S,SEATTLE,WA,98134,{'url': 'https://services.seattle.gov/portal/customize/LinkToRecord.aspx?altId=3003725-EX'},47.57569062,-122.34092478,"{'latitude': '47.57569062', 'longitude': '-122.34092478'}",0,0,0,N/A,PORT OF SEATTLE ENGINEERING
3003831-EX,Multifamily,Residential,ECA and Shoreline Exemption/Street Improvement Exception Request,Environmentally Critical Area Exemption,Exception/Exemption Request for: Land Use Application to subdivide one parcel into three parcels of land in an environmentally critical area.  Proposed Parcel sizes are: A) 5 499 sq. ft.  B) 6 306 sq. ft.; and C) 5 856 sq. ft. Existing structures to remain.,0.0,Completed,3003831-LU,4656 S WILLOW ST,SEATTLE,WA,98118,{'url': 'https://services.seattle.gov/portal/customize/LinkToRecord.aspx?altId=3003831-EX'},47.54093440,-122.27294302,"{'latitude': '47.5409344', 'longitude': '-122.27294302'}",0,0,0,N/A,
3003868-EX,Commercial,Non-Residential,ECA and Shoreline Exemption/Street Improvement Exception Request,Environmentally Critical Area Exemption,Exception/Exemption Request for: Land Use Permit to subdivide one parcel into two parcels of land in an environmentally critical area. Proposed parcel sizes are: A)12 945 sq.ft. and B)31 801 sq.ft.  Existing structure to be remodeled or removed.  Drop Off Only. 11/21/05,0.0,Completed,3003868-LU,14343 15TH AVE NE,SEATTLE,WA,98125,{'url': 'https://services.seattle.gov/portal/customize/LinkToRecord.aspx?altId=3003868-EX'},47.73322611,-122.31309023,"{'latitude': '47.73322611', 'longitude': '-122.31309023'}",0,0,0,N/A,
3003157-EX,N/A,N/A,ECA and Shoreline Exemption/Street Improvement Exception Request,Environmentally Critical Area Exemption,Exception/Exemption Request for: Land Use Permit to adjust the boundary between 2 parcels of land. Proposed parcel sizes are: A)5000 sq.ft. and B)5278 sq.ft.,0.0,Completed,3003157-LU,5080 23RD AVE SW,SEATTLE,WA,98106,{'url': 'https://services.seattle.gov/portal/customize/LinkToRecord.aspx?altId=3003157-EX'},47.55554050,-122.36084885,"{'latitude': '47.5555405', 'longitude': '-122.36084885'}",0,0,0,N/A,
3003176-EX,Single Family/Duplex,Residential,ECA and Shoreline Exemption/Street Improvement Exception Request,Environmentally Critical Area Exemption,Exception/Exemption Request for: Land use approval to subdivide one parcel into two parcels of land in an environmentally critical area. Proposed parcel sizes are: a)4 008.9 sq.ft. and b) 4 021.1 sq.ft. Existing structure to remain.,0.0,Completed,3003176-LU,4411 WILLIAMS AVE W,SEATTLE,WA,98199,{'url': 'https://services.seattle.gov/portal/customize/LinkToRecord.aspx?altId=3003176-EX'},47.65981878,-122.39251689,"{'latitude': '47.65981878', 'longitude': '-122.39251689'}",0,0,0,N/A,
3003269-EX,Institutional,Non-Residential,ECA and Shoreline Exemption/Street Improvement Exception Request,Environmentally Critical Area Exemption,Exception/Exemption Request for: Shoreline Substantial Development permit to establish use as park and restore shoreline. Project includes more than 500 cubic yards of grading. Environmental Review conducted by Seattle Parks and Recreation.,0.0,Completed,3003269-LU,920 WESTLAKE AVE N,SEATTLE,WA,98109,{'url': 'https://services.seattle.gov/portal/customize/LinkToRecord.aspx?altId=3003269-EX'},47.62782465,-122.33926927,"{'latitude': '47.62782465', 'longitude': '-122.33926927'}",0,0,0,N/A,SEATTLE PARKS DEPT
3003271-EX,Single Family/Duplex,Residential,ECA and Shoreline Exemption/Street Improvement Exception Request,Environmentally Critical Area Exemption,Exception/Exemption Request for: Land use approval to subdivide one parcel into two parcels in an ECA.Proposed parcel A)11 853 and proposed parcel B) 9 896 sq.ft. Existing garage shed and swimmming pool to be removed.,0.0,Completed,3003271-LU,13025 9TH AVE NW,SEATTLE,WA,98177,{'url': 'https://services.seattle.gov/portal/customize/LinkToRecord.aspx?altId=3003271-EX'},47.72404463,-122.36824703,"{'latitude': '47.72404463', 'longitude': '-122.36824703'}",0,0,0,N/A,
3003279-EX,Single Family/Duplex,Residential,ECA and Shoreline Exemption/Street Improvement Exception Request,Shoreline Exemption,Exception/Exemption Request for: Shoreline Substantial Development to approve a 343 sq.ft. roof-deck addition to a portion of existing floating home.,0.0,Completed,3003279-LU,2019 FAIRVIEW AVE E,SEATTLE,WA,98102,{'url': 'https://services.seattle.gov/portal/customize/LinkToRecord.aspx?altId=3003279-EX'},47.63725687,-122.33070879,"{'latitude': '47.63725687', 'longitude': '-122.33070879'}",0,0,0,N/A,CONTEXT DESIGN / BUILD INC
3003525-EX,Multifamily,Residential,ECA and Shoreline Exemption/Street Improvement Exception Request,Environmentally Critical Area Exemption,Exception/Exemption Request for: Land use permit to subdivide 1 parcel into 3 unit lots. The construction of  townhouses  has been approved under Project #2502820. This subdivision of property is only for the purpose of allowing sale or lease of the unit lots.  Development standards will be applied to the original parcel and not to each of the new unit lots.,0.0,Completed,3003525-LU,1908 11TH AVE W,SEATTLE,WA,98119,{'url': 'https://services.seattle.gov/portal/customize/LinkToRecord.aspx?altId=3003525-EX'},47.63626496,-122.37143421,"{'latitude': '47.63626496', 'longitude': '-122.37143421'}",0,0,0,N/A,
3003442-EX,Commercial,Non-Residential,ECA and Shoreline Exemption/Street Improvement Exception Request,Environmentally Critical Area Exemption,Exception/Exemption Request for: Council land use action to remove six existing athletic field lights and install eight new light poles up to 100' in height. (Loyal Heights Playfield).  Resurfacing the playfield with synthetic turf and remodeling bathrooms will be under separate action.,0.0,Completed,3003442-LU,2101 NW 77TH ST,SEATTLE,WA,98117,{'url': 'https://services.seattle.gov/portal/customize/LinkToRecord.aspx?altId=3003442-EX'},47.68475175,-122.38258632,"{'latitude': '47.68475175', 'longitude': '-122.38258632'}",0,0,0,N/A,SEATTLE PARKS DEPT
3003539-EX,N/A,N/A,ECA and Shoreline Exemption/Street Improvement Exception Request,Shoreline Exemption,Exception/Exemption Request for: Canceled - lack of activity 11/26/2014 jhInstall mid-line float to existing buoy.,0.0,Canceled,3003539-LU,3756 W COMMODORE WAY,SEATTLE,WA,98199,{'url': 'https://services.seattle.gov/portal/customize/LinkToRecord.aspx?altId=3003539-EX'},47.66668354,-122.40786493,"{'latitude': '47.66668354', 'longitude': '-122.40786493'}",,,0,N/A,
3003853-EX,Single Family/Duplex,Residential,ECA and Shoreline Exemption/Street Improvement Exception Request,Environmentally Critical Area Exemption,Exception/Exemption Request for: CANCELED 1/6/2011  Land Use Application to allow a two-story addition to a single family residence (one car garage 468 sq. ft. addition and deck all previously built).,0.0,Canceled,3003853-LU,3643 46TH AVE SW,SEATTLE,WA,98116,{'url': 'https://services.seattle.gov/portal/customize/LinkToRecord.aspx?altId=3003853-EX'},47.57077850,-122.39127652,"{'latitude': '47.5707785', 'longitude': '-122.39127652'}",,,0,N/A,
3004142-EX,N/A,N/A,ECA and Shoreline Exemption/Street Improvement Exception Request,Environmentally Critical Area Exemption,Exception/Exemption Request for: Land use application to subdivide one parcel into three parcels of land. In an environmentally critical area. Proposed parcel sizes are:Existing structures,0.0,Canceled,3004142-LU,9025 CECIL AVE S,SEATTLE,WA,98118,{'url': 'https://services.seattle.gov/portal/customize/LinkToRecord.aspx?altId=3004142-EX'},47.52292658,-122.28826567,"{'latitude': '47.52292658', 'longitude': '-122.28826567'}",,,0,N/A,
3004630-EX,Multifamily,Residential,ECA and Shoreline Exemption/Street Improvement Exception Request,Environmentally Critical Area Exemption,Exception/Exemption Request for: Land Use Application to allow one  2-unit townhouse and one  3-unit townhouse structure in an environmentally critical area. Parking for five vehicles to be provided below grade. Existing structures to be demolished. Envrionmental review contemplates a future unit lot subdivision.,0.0,Completed,3004630-LU,2416 DEXTER AVE N,SEATTLE,WA,98109,{'url': 'https://services.seattle.gov/portal/customize/LinkToRecord.aspx?altId=3004630-EX'},47.64011377,-122.34382753,"{'latitude': '47.64011377', 'longitude': '-122.34382753'}",0,0,0,N/A,
3004713-EX,Single Family/Duplex,Residential,ECA and Shoreline Exemption/Street Improvement Exception Request,Environmentally Critical Area Exemption,Exception/Exemption Request for: Land use application to adjust the boundary between six parcels of land. Proposed parcel sizes are A) 4 499 sq.ft.  B)3 009 sq.ft  C)2 941 sq.ft. D)2 618 sq.ft. E)2 741 sq.ft. and F)6 909 sq.ft.  Existing structure on parcel 'F' to remain.,0.0,Completed,3004713-LU,3410 33RD AVE SW,SEATTLE,WA,98126,{'url': 'https://services.seattle.gov/portal/customize/LinkToRecord.aspx?altId=3004713-EX'},47.57265364,-122.37359861,"{'latitude': '47.57265364', 'longitude': '-122.37359861'}",0,0,0,N/A,
3004381-EX,Commercial,Non-Residential,ECA and Shoreline Exemption/Street Improvement Exception Request,Environmentally Critical Area Exemption,Exception/Exemption Request for: Land Use Application to allow a six-story building with 149 564 sq. ft. of office.  Parking for 275 vehicles to be provided within the structure  at and below grade.,0.0,Completed,3004381-LU,1101 WESTLAKE AVE N,SEATTLE,WA,98109,{'url': 'https://services.seattle.gov/portal/customize/LinkToRecord.aspx?altId=3004381-EX'},47.62908860,-122.34141796,"{'latitude': '47.6290886', 'longitude': '-122.34141796'}",0,0,0,N/A,
3004436-EX,Single Family/Duplex,Residential,ECA and Shoreline Exemption/Street Improvement Exception Request,Environmentally Critical Area Exemption,Exception/Exemption Request for: Land use application to subdivide one parcel into two parcels of land.  Proposed parcel sizes are: A)5 086.6 sq.ft.  B)5 086.2 sq.ft.Existing structures to be removed.,0.0,Completed,3004436-LU,6511 37TH AVE NE,SEATTLE,WA,98115,{'url': 'https://services.seattle.gov/portal/customize/LinkToRecord.aspx?altId=3004436-EX'},47.67624860,-122.28788844,"{'latitude': '47.6762486', 'longitude': '-122.28788844'}",0,0,0,N/A,
3004615-EX,Single Family/Duplex,Residential,ECA and Shoreline Exemption/Street Improvement Exception Request,Shoreline Exemption,Exception/Exemption Request for: Shoreline Substantial Development application to allow an  addition to an existing single family residence to include 459 cu. yds. of grading.  Project includes 100 sq.ft. basement addition  new deck and swimming pool.,0.0,Completed,3004615-LU,3744 W COMMODORE WAY,SEATTLE,WA,98199,{'url': 'https://services.seattle.gov/portal/customize/LinkToRecord.aspx?altId=3004615-EX'},47.66651942,-122.40773834,"{'latitude': '47.66651942', 'longitude': '-122.40773834'}",0,0,0,N/A,
3004804-EX,Industrial,Non-Residential,ECA and Shoreline Exemption/Street Improvement Exception Request,Shoreline Exemption,Exception/Exemption Request for: CANCELED  Shoreline substantial development application to allow 88 lineal feet of erosion control (rip rap) along the existing shoreline. Project includes 80 cu.yds of grading.,0.0,Canceled,3004804-LU,4150 WEST MARGINAL WAY SW,SEATTLE,WA,98106,{'url': 'https://services.seattle.gov/portal/customize/LinkToRecord.aspx?altId=3004804-EX'},47.56576975,-122.35132830,"{'latitude': '47.56576975', 'longitude': '-122.3513283'}",,,0,N/A,
3005174-EX,N/A,N/A,ECA and Shoreline Exemption/Street Improvement Exception Request,Environmentally Critical Area Exemption,Exception/Exemption Request for: ECA Exemption request for future short plat,0.0,Canceled,3005174-LU,9405 LEROY PL S,SEATTLE,WA,98118,{'url': 'https://services.seattle.gov/portal/customize/LinkToRecord.aspx?altId=3005174-EX'},47.51847906,-122.28785411,"{'latitude': '47.51847906', 'longitude': '-122.28785411'}",,,0,N/A,
3005347-EX,Commercial,Non-Residential,ECA and Shoreline Exemption/Street Improvement Exception Request,Environmentally Critical Area Exemption,Exception/Exemption Request for: Land use application to expand an existing 3 311 sq.ft. customer service office building to include 1 000 sq.ft for administrative office and 2 041 sq.ft. for customer service office for a total building area of 6 352 sq.ft.  No change in parking requirement (seven spaces).,0.0,Completed,3005347-LU,3101 E MADISON ST,SEATTLE,WA,98112,{'url': 'https://services.seattle.gov/portal/customize/LinkToRecord.aspx?altId=3005347-EX'},47.62589071,-122.29214877,"{'latitude': '47.62589071', 'longitude': '-122.29214877'}",0,0,0,N/A,
3003980-EX,Single Family/Duplex,Residential,ECA and Shoreline Exemption/Street Improvement Exception Request,Environmentally Critical Area Exemption,Exception/Exemption Request for: Land Use Application to approve a new 2 071 sq. ft. three-story  single family residence with attached garage. Proposal includes removal of a 61 sq. ft. portion of existing dock.,0.0,Completed,3003980-LU,14356 RIVIERA PL NE,SEATTLE,WA,98125,{'url': 'https://services.seattle.gov/portal/customize/LinkToRecord.aspx?altId=3003980-EX'},47.73321503,-122.28389529,"{'latitude': '47.73321503', 'longitude': '-122.28389529'}",0,0,0,N/A,
3004009-EX,Commercial,Non-Residential,ECA and Shoreline Exemption/Street Improvement Exception Request,Environmentally Critical Area Exemption,Exception/Exemption Request for: Land Use Application to change use of a 74 052 sq. ft. mobile home development to a 37 340 sq. ft. outdoor storage yard. Existing structures to be removed. Surface parking for 18 vehicles to provided on the site.,0.0,Completed,3004009-LU,9645 M L KING JR WAY S,SEATTLE,WA,98118,{'url': 'https://services.seattle.gov/portal/customize/LinkToRecord.aspx?altId=3004009-EX'},47.51547987,-122.27933639,"{'latitude': '47.51547987', 'longitude': '-122.27933639'}",0,0,0,N/A,
3004083-EX,N/A,N/A,ECA and Shoreline Exemption/Street Improvement Exception Request,Environmentally Critical Area Exemption,Exception/Exemption Request for: PROJECT CANCELLED 12/27/2010 -- Short plat,0.0,Canceled,3004083-LU,7514 27TH AVE NE,SEATTLE,WA,98115,{'url': 'https://services.seattle.gov/portal/customize/LinkToRecord.aspx?altId=3004083-EX'},47.68354405,-122.29838077,"{'latitude': '47.68354405', 'longitude': '-122.29838077'}",,,0,N/A,
3004140-EX,N/A,N/A,ECA and Shoreline Exemption/Street Improvement Exception Request,Shoreline Exemption,Exception/Exemption Request for: Remove one layer of roof composition and replace with metal roof.,0.0,Canceled,3004140-LU,1214 E HAMLIN ST,SEATTLE,WA,98102,{'url': 'https://services.seattle.gov/portal/customize/LinkToRecord.aspx?altId=3004140-EX'},47.64578913,-122.31587800,"{'latitude': '47.64578913', 'longitude': '-122.315878'}",,,0,N/A,
3004163-EX,N/A,N/A,ECA and Shoreline Exemption/Street Improvement Exception Request,Shoreline Exemption,Exception/Exemption Request for:,0.0,Canceled,,,,,,{'url': 'https://services.seattle.gov/portal/customize/LinkToRecord.aspx?altId=3004163-EX'},,,,,,0,N/A,
3004193-EX,Single Family/Duplex,Residential,ECA and Shoreline Exemption/Street Improvement Exception Request,Environmentally Critical Area Exemption,Exception/Exemption Request for: Land use application to subdivide one parcel into three parcels of land. Proposed parcel sizes are:A)6 367 sq.ft.  B)6 449 sq.ft.  C)6 367 sq.ft. Existing structures to be removed.,0.0,Completed,3004193-LU,10038 ASHWORTH AVE N,SEATTLE,WA,98133,{'url': 'https://services.seattle.gov/portal/customize/LinkToRecord.aspx?altId=3004193-EX'},47.70255992,-122.33895177,"{'latitude': '47.70255992', 'longitude': '-122.33895177'}",0,0,0,N/A,
3004292-EX,Multifamily,Residential,ECA and Shoreline Exemption/Street Improvement Exception Request,Shoreline Exemption,Exception/Exemption Request for: Land Use Application to daylight 1 200 linear ft and restore creek (Madronna Park Creek).  Determination of Non-Significance prepared by Seattle Parks and Recreation.  Project includes construction of three pedestrian bridges  one overlook platform and 2200 cu. yds. of grading.,0.0,Completed,3004292-LU,800 LAKE WASHINGTON BLVD,SEATTLE,WA,98122,{'url': 'https://services.seattle.gov/portal/customize/LinkToRecord.aspx?altId=3004292-EX'},47.61013889,-122.28259274,"{'latitude': '47.61013889', 'longitude': '-122.28259274'}",0,0,0,N/A,SEATTLE PARKS DEPT
3003467-EX,N/A,N/A,ECA and Shoreline Exemption/Street Improvement Exception Request,Environmentally Critical Area Exemption,Exception/Exemption Request for: CANCELLED DUE TO NO ACTIVITY 1/6/15 MH - Rezone property from SF 7200 to SF 5000.  ECA Exemption.,0.0,Canceled,3003467-LU,11334 CORLISS AVE N,SEATTLE,WA,98133,{'url': 'https://services.seattle.gov/portal/customize/LinkToRecord.aspx?altId=3003467-EX'},47.71141844,-122.33093054,"{'latitude': '47.71141844', 'longitude': '-122.33093054'}",,,0,N/A,
3003599-EX,Commercial,Non-Residential,ECA and Shoreline Exemption/Street Improvement Exception Request,Environmentally Critical Area Exemption,Exception/Exemption Request for: Land Use Application for a major phased development proposal which will include up to 1 000 000 sq.ft. administrative office use for the Bill and Melinda Gates Foundation.  Parking for up to 2 000 vehicles will be provided.Project review will occur in phases within a fifteen year period.,0.0,Completed,3003599-LU,500 5TH AVE N,SEATTLE,WA,98109,{'url': 'https://services.seattle.gov/portal/customize/LinkToRecord.aspx?altId=3003599-EX'},47.62419713,-122.34444505,"{'latitude': '47.62419713', 'longitude': '-122.34444505'}",0,0,0,N/A,SENECA GROUP
3003688-EX,N/A,N/A,ECA and Shoreline Exemption/Street Improvement Exception Request,Shoreline Exemption,Exception/Exemption Request for: Shoreline exemption-Fairview Park  2900 Fairview Ave E,0.0,Canceled,,,,,,{'url': 'https://services.seattle.gov/portal/customize/LinkToRecord.aspx?altId=3003688-EX'},,,,,,0,N/A,
3003726-EX,N/A,N/A,ECA and Shoreline Exemption/Street Improvement Exception Request,Shoreline Exemption,Exception/Exemption Request for: Shoreline exemption for geotechnical testing for future planning and desinging a piling support bridge connection between Terminal 25 and Terminal 30.  Exemption includes work in the ROW.,0.0,Canceled,3003726-LU,2431 EAST MARGINAL WAY S,SEATTLE,WA,98134,{'url': 'https://services.seattle.gov/portal/customize/LinkToRecord.aspx?altId=3003726-EX'},47.58107429,-122.34113069,"{'latitude': '47.58107429', 'longitude': '-122.34113069'}",,,0,N/A,PORT OF SEATTLE ENGINEERING
3003808-EX,N/A,N/A,ECA and Shoreline Exemption/Street Improvement Exception Request,Environmentally Critical Area Exemption,Exception/Exemption Request for: Land Use Application to subdivide one parcel into two parcels of land in an environmentally critical area.  Proposed parcel sizes are: A) 8 152 sq. ft. and B) 5 646 sq. ft.  Existing structure to remain.,0.0,Completed,3003808-LU,2040 34TH AVE S,SEATTLE,WA,98144,{'url': 'https://services.seattle.gov/portal/customize/LinkToRecord.aspx?altId=3003808-EX'},47.58398754,-122.28955939,"{'latitude': '47.58398754', 'longitude': '-122.28955939'}",0,0,0,N/A,
3003974-EX,Multifamily,Residential,ECA and Shoreline Exemption/Street Improvement Exception Request,Environmentally Critical Area Exemption,Exception/Exemption Request for: Land use application to subdivide one parcel into three parcels of land in an enviromentally critical area. Proposed parcel sizes are: A)5 087.7 sq.ft.  B)5 087.7 sq.ft.  C)7 103.5 sq.ft. Existing structures to be demolished.,0.0,Completed,3003974-LU,3701 W BARRETT ST,SEATTLE,WA,98199,{'url': 'https://services.seattle.gov/portal/customize/LinkToRecord.aspx?altId=3003974-EX'},47.64661995,-122.40471406,"{'latitude': '47.64661995', 'longitude': '-122.40471406'}",0,0,0,N/A,
3004720-EX,N/A,N/A,ECA and Shoreline Exemption/Street Improvement Exception Request,Environmentally Critical Area Exemption,Exception/Exemption Request for: PROJECT CANCELLED TO CLEAR FROM HANSEN ONLY; ECA Exemption for short plat of one parcel into 4 parcels of land-4/13/06 eca REVIEW REQ. (SEE 3006440),0.0,Canceled,3004720-LU,8612 RAVENNA AVE NE,SEATTLE,WA,98115,{'url': 'https://services.seattle.gov/portal/customize/LinkToRecord.aspx?altId=3004720-EX'},47.69155281,-122.30191081,"{'latitude': '47.69155281', 'longitude': '-122.30191081'}",,,0,N/A,
3004729-EX,Single Family/Duplex,Residential,ECA and Shoreline Exemption/Street Improvement Exception Request,Environmentally Critical Area Exemption,Exception/Exemption Request for: Land use application to subdivide one parcel into two parcels of land in an environmentally critical area.  Proposed Parcel sizes are: A) 10 776 sq. ft. B)10 779 sq. ft. Existing structures to be demolished.  ECA Exemption request.,0.0,Completed,3004729-LU,9340 CALIFORNIA AVE SW,SEATTLE,WA,98136,{'url': 'https://services.seattle.gov/portal/customize/LinkToRecord.aspx?altId=3004729-EX'},47.51907674,-122.38696291,"{'latitude': '47.51907674', 'longitude': '-122.38696291'}",0,0,0,N/A,
3004916-EX,Single Family/Duplex,Residential,ECA and Shoreline Exemption/Street Improvement Exception Request,Environmentally Critical Area Exemption,Exception/Exemption Request for: PROJECT CANCELLED 11/17/10 -- ECA EXEMPTION only(APPVD) -- see related short plat 3006192. (unable to issue exemption status is still approved).,0.0,Canceled,3004916-LU,9231 11TH AVE NW,SEATTLE,WA,98117,{'url': 'https://services.seattle.gov/portal/customize/LinkToRecord.aspx?altId=3004916-EX'},47.69705151,-122.37038182,"{'latitude': '47.69705151', 'longitude': '-122.37038182'}",,,0,N/A,
3004976-EX,Single Family/Duplex,Residential,ECA and Shoreline Exemption/Street Improvement Exception Request,Environmentally Critical Area Exemption,Exception/Exemption Request for: PROJECT CANCELLED 12/16/10 -- Possible variance to establish use as single family residence and construct new 2-story + basement one family dwelling w/ attached garage per plan.(Includes a ECA exemption),0.0,Canceled,3004976-LU,618 FULLERTON AVE,SEATTLE,WA,98122,{'url': 'https://services.seattle.gov/portal/customize/LinkToRecord.aspx?altId=3004976-EX'},47.60743070,-122.28387243,"{'latitude': '47.6074307', 'longitude': '-122.28387243'}",,,0,N/A,
3004985-EX,Commercial,Non-Residential,ECA and Shoreline Exemption/Street Improvement Exception Request,Environmentally Critical Area Exemption,Exception/Exemption Request for: Shoreline Substantial Development Application to allow an addition to an existing 26 000 sq. ft. building consisting of 70 000 sq. ft. of research lab and 3 500 sq. ft. of retail space. Parking for 85 vehicles to be provided below grade. Project includes 11 000 cu. yds. of grading.Revision to allow demolition of existing building approved under 3020138.,0.0,Completed,3004985-LU,1165 EASTLAKE AVE E,SEATTLE,WA,98109,{'url': 'https://services.seattle.gov/portal/customize/LinkToRecord.aspx?altId=3004985-EX'},47.63057401,-122.32804642,"{'latitude': '47.63057401', 'longitude': '-122.32804642'}",0,0,0,N/A,ALEXANDRIA REAL ESTATE EQUITIE
3005187-EX,Single Family/Duplex,Residential,ECA and Shoreline Exemption/Street Improvement Exception Request,Environmentally Critical Area Exemption,Exception/Exemption Request for: Land Use Application to allow a two-story  3 030 sq. ft. single family dwelling unit in an environmentally critical area.  Existing structures to be removed under separate permit.,0.0,Completed,3005187-LU,7323 GLENRIDGE WAY SW,SEATTLE,WA,98136,{'url': 'https://services.seattle.gov/portal/customize/LinkToRecord.aspx?altId=3005187-EX'},47.53725559,-122.38691688,"{'latitude': '47.53725559', 'longitude': '-122.38691688'}",0,0,0,N/A,
3004006-EX,N/A,N/A,ECA and Shoreline Exemption/Street Improvement Exception Request,Shoreline Exemption,Exception/Exemption Request for: Relocating gas meters in right of way,0.0,Canceled,3004006-LU,2331 FAIRVIEW AVE E,SEATTLE,WA,98102,{'url': 'https://services.seattle.gov/portal/customize/LinkToRecord.aspx?altId=3004006-EX'},47.64080412,-122.33006926,"{'latitude': '47.64080412', 'longitude': '-122.33006926'}",,,0,N/A,
